<?xml version="1.0" encoding="UTF-8"?>
<project-private xmlns="http://www.netbeans.org/ns/project-private/1">
    <editor-bookmarks xmlns="http://www.netbeans.org/ns/editor-bookmarks/2" lastBookmarkId="0"/>
    <open-files xmlns="http://www.netbeans.org/ns/projectui-open-files/2">
        <group>
            <file>file:/C:/Users/ashwa/Documents/NetBeansProjects/BioGen/src/Business/EcoSystem.java</file>
            <file>file:/C:/Users/ashwa/Documents/NetBeansProjects/BioGen/src/userinterface/HospitalRole/HospitalWorkAreaJPanel.java</file>
            <file>file:/C:/Users/ashwa/Documents/NetBeansProjects/BioGen/src/Business/Initialization/Initialization.java</file>
            <file>file:/C:/Users/ashwa/Documents/NetBeansProjects/BioGen/src/Business/UserAccount/UserAccountDirectory.java</file>
            <file>file:/C:/Users/ashwa/Documents/NetBeansProjects/BioGen/src/Business/Role/LogisticsAnalysisRole.java</file>
            <file>file:/C:/Users/ashwa/Documents/NetBeansProjects/BioGen/src/Business/Employee/Employee.java</file>
            <file>file:/C:/Users/ashwa/Documents/NetBeansProjects/BioGen/src/Business/Role/AnalysisRole.java</file>
            <file>file:/C:/Users/ashwa/Documents/NetBeansProjects/BioGen/src/Business/Organization/ResearchOrganization.java</file>
            <file>file:/C:/Users/ashwa/Documents/NetBeansProjects/BioGen/src/Business/Network/Network.java</file>
            <file>file:/C:/Users/ashwa/Documents/NetBeansProjects/BioGen/src/userinterface/SystemAdminWorkArea/SystemAdminWorkAreaJPanel.java</file>
            <file>file:/C:/Users/ashwa/Documents/NetBeansProjects/BioGen/src/Business/WorkQueue/HospitalWorkRequest.java</file>
            <file>file:/C:/Users/ashwa/Documents/NetBeansProjects/BioGen/src/Business/Organization/Organization.java</file>
            <file>file:/C:/Users/ashwa/Documents/NetBeansProjects/BioGen/src/userinterface/ResearchRole/ResearchWorkAreaPanel.java</file>
            <file>file:/C:/Users/ashwa/Documents/NetBeansProjects/BioGen/src/userinterface/AdministrativeRole/ManageOrganizationJPanel.java</file>
            <file>file:/C:/Users/ashwa/Documents/NetBeansProjects/BioGen/src/Business/Role/AdminRole.java</file>
            <file>file:/C:/Users/ashwa/Documents/NetBeansProjects/BioGen/src/Business/Organization/LogisticsOrganization.java</file>
            <file>file:/C:/Users/ashwa/Documents/NetBeansProjects/BioGen/src/userinterface/SystemAdminWorkArea/ReportsJPanel.java</file>
            <file>file:/C:/Users/ashwa/Documents/NetBeansProjects/BioGen/src/Business/Organization/LogisticsAnalysisOrganization.java</file>
            <file>file:/C:/Users/ashwa/Documents/NetBeansProjects/BioGen/src/userinterface/AdministrativeRole/AdminWorkAreaJPanel.java</file>
            <file>file:/C:/Users/ashwa/Documents/NetBeansProjects/BioGen/src/Business/Enterprise/Enterprise.java</file>
            <file>file:/C:/Users/ashwa/Documents/NetBeansProjects/BioGen/src/Business/WorkQueue/LabTestWorkRequest.java</file>
            <file>file:/C:/Users/ashwa/Documents/NetBeansProjects/BioGen/src/Business/Employee/EmployeeDirectory.java</file>
            <file>file:/C:/Users/ashwa/Documents/NetBeansProjects/BioGen/src/userinterface/AdministrativeRole/ManageUserAccountJPanel.java</file>
            <file>file:/C:/Users/ashwa/Documents/NetBeansProjects/BioGen/src/Business/WorkQueue/LogTestWorkRequest.java</file>
            <file>file:/C:/Users/ashwa/Documents/NetBeansProjects/BioGen/src/Business/Organization/AdminOrganization.java</file>
            <file>file:/C:/Users/ashwa/Documents/NetBeansProjects/BioGen/src/Business/Role/HospitalRole.java</file>
            <file>file:/C:/Users/ashwa/Documents/NetBeansProjects/BioGen/src/userinterface/LogisticsAnalysisRole/LogisticsAnalysisJPanel.java</file>
            <file>file:/C:/Users/ashwa/Documents/NetBeansProjects/BioGen/src/Business/UserAccount/UserAccount.java</file>
            <file>file:/C:/Users/ashwa/Documents/NetBeansProjects/BioGen/src/userinterface/HospitalRole/SendClinicalTestJPanel.java</file>
            <file>file:/C:/Users/ashwa/Documents/NetBeansProjects/BioGen/src/Business/Enterprise/DevelopmentEnterprise.java</file>
            <file>file:/C:/Users/ashwa/Documents/NetBeansProjects/BioGen/src/Business/WorkQueue/LogisticsWorkRequest.java</file>
            <file>file:/C:/Users/ashwa/Documents/NetBeansProjects/BioGen/src/Business/Organization/OrganizationDirectory.java</file>
            <file>file:/C:/Users/ashwa/Documents/NetBeansProjects/BioGen/src/Business/DB4OUtil/DB4OUtil.java</file>
            <file>file:/C:/Users/ashwa/Documents/NetBeansProjects/BioGen/src/userinterface/SystemAdminWorkArea/ManageEnterpriseJPanel.java</file>
            <file>file:/C:/Users/ashwa/Documents/NetBeansProjects/BioGen/src/Business/Role/LogisticsRole.java</file>
            <file>file:/C:/Users/ashwa/Documents/NetBeansProjects/BioGen/src/userinterface/ClinicalRole/ClinicalWorkAreaJPanel.java</file>
            <file>file:/C:/Users/ashwa/Documents/NetBeansProjects/BioGen/src/userinterface/MainJFrame.java</file>
            <file>file:/C:/Users/ashwa/Documents/NetBeansProjects/BioGen/src/userinterface/ResearchRole/RequestClinicalTestPanel.java</file>
            <file>file:/C:/Users/ashwa/Documents/NetBeansProjects/BioGen/src/Business/ConfigureASystem.java</file>
            <file>file:/C:/Users/ashwa/Documents/NetBeansProjects/BioGen/src/Business/Role/Role.java</file>
            <file>file:/C:/Users/ashwa/Documents/NetBeansProjects/BioGen/src/userinterface/MaunfacturingRole/RequestLabTestJPanel.java</file>
            <file>file:/C:/Users/ashwa/Documents/NetBeansProjects/BioGen/src/Business/Enterprise/LogisticsEnterprise.java</file>
            <file>file:/C:/Users/ashwa/Documents/NetBeansProjects/BioGen/src/userinterface/AnalysisRole/AnalysisManagerPanel.java</file>
            <file>file:/C:/Users/ashwa/Documents/NetBeansProjects/BioGen/src/userinterface/MaunfacturingRole/ManufacturerWorkAreaJPanel.java</file>
            <file>file:/C:/Users/ashwa/Documents/NetBeansProjects/BioGen/src/userinterface/LogisticsRole/ProcessWorkRequestJPanel.java</file>
            <file>file:/C:/Users/ashwa/Documents/NetBeansProjects/BioGen/src/userinterface/SystemAdminWorkArea/ManageNetworkJPanel.java</file>
            <file>file:/C:/Users/ashwa/Documents/NetBeansProjects/BioGen/src/Business/Role/SystemAdminRole.java</file>
            <file>file:/C:/Users/ashwa/Documents/NetBeansProjects/BioGen/src/userinterface/LogisticsRole/LogisticsWorkAreaJPanel.java</file>
            <file>file:/C:/Users/ashwa/Documents/NetBeansProjects/BioGen/src/Business/Organization/HospitalOrganization.java</file>
            <file>file:/C:/Users/ashwa/Documents/NetBeansProjects/BioGen/src/userinterface/AdministrativeRole/ManageEmployeeJPanel.java</file>
            <file>file:/C:/Users/ashwa/Documents/NetBeansProjects/BioGen/src/userinterface/SystemAdminWorkArea/ManageEnterpriseAdminJPanel.java</file>
            <file>file:/C:/Users/ashwa/Documents/NetBeansProjects/BioGen/src/Business/Enterprise/HospitalEnterprise.java</file>
            <file>file:/C:/Users/ashwa/Documents/NetBeansProjects/BioGen/src/Business/Role/ResearchRole.java</file>
            <file>file:/C:/Users/ashwa/Documents/NetBeansProjects/BioGen/src/Business/Organization/ManufacturingOrganization.java</file>
            <file>file:/C:/Users/ashwa/Documents/NetBeansProjects/BioGen/src/Business/Organization/ClinicalTestingOrganization.java</file>
            <file>file:/C:/Users/ashwa/Documents/NetBeansProjects/BioGen/src/Business/Organization/AnalysisOrganization.java</file>
            <file>file:/C:/Users/ashwa/Documents/NetBeansProjects/BioGen/src/Business/Role/ClinicalRole.java</file>
            <file>file:/C:/Users/ashwa/Documents/NetBeansProjects/BioGen/src/Business/Role/ManufacturingRole.java</file>
            <file>file:/C:/Users/ashwa/Documents/NetBeansProjects/BioGen/src/Business/WorkQueue/WorkRequest.java</file>
            <file>file:/C:/Users/ashwa/Documents/NetBeansProjects/BioGen/src/Business/WorkQueue/WorkQueue.java</file>
            <file>file:/C:/Users/ashwa/Documents/NetBeansProjects/BioGen/src/Business/WorkQueue/HospTestWorkRequest.java</file>
            <file>file:/C:/Users/ashwa/Documents/NetBeansProjects/BioGen/src/Business/Enterprise/EnterpriseDirectory.java</file>
        </group>
    </open-files>
</project-private>
